.. RCAC Biocontainers documentation master file, created by
   sphinx-quickstart on Wed Mar  2 21:59:37 2022.
   You can adapt this file completely to your liking, but it should at least
   contain the root `toctree` directive.

RCAC Biocontainers documentation!
==============================================
.. image:: images/biocontainer_cloud.jpg
   :width: 700px
   :align: left

This is the user guide for biocontainer modules deployed in Purdue High Performance Computing clusters. More information about our center is avaiable here (https://www.rcac.purdue.edu).  

As of January 09, 2026, there have been a total of **660** biocontainers with **4452** available versions deployed across 6 RCAC HPC clusters: ``Anvil``, ``Bell``, ``Gautschi``, ``Negishi``, ``Gilbreth`` and ``Scholar``.

If you have any question, contact Guangzhen Jin at: 
`jin456@purdue.edu <mailto:jin456@purdue.edu>`_

.. warning::
    Do not use both ``bioinfo`` and ``biocontainers`` in your job script, because loading ``bioinfo`` will cause the failure of loading many modules including ``biocontainers`` in ``Anvil``, ``Bell``, ``Gautschi``, ``Negishi``, ``Gilbreth`` and ``Scholar``. Since RCAC will not provide support to ``bioinfo`` in the future clusters, we recommend users to just use ``biocontainers``. 


.. toctree::
   :caption: Frequently Asked Questions
   :titlesonly:

   faq

.. toctree::
   :caption: Singularity
   :titlesonly:

   singularity

.. toctree::
   :caption: Application list
   :maxdepth: 3
   :titlesonly:
   
   source/abacas/abacas
   source/abismal/abismal
   source/abpoa/abpoa
   source/abricate/abricate
   source/abyss/abyss
   source/actc/actc
   source/adapterremoval/adapterremoval
   source/admixture/admixture
   source/advntr/advntr
   source/afplot/afplot
   source/afterqc/afterqc
   source/agat/agat
   source/agfusion/agfusion
   source/alfred/alfred
   source/alien-hunter/alien-hunter
   source/alignstats/alignstats
   source/allpathslg/allpathslg
   source/alphafold/alphafold
   source/amptk/amptk
   source/ananse/ananse
   source/anchorwave/anchorwave
   source/angsd/angsd
   source/annogesic/annogesic
   source/annovar/annovar
   source/antismash/antismash
   source/anvio/anvio
   source/any2fasta/any2fasta
   source/aragorn/aragorn
   source/arboreto/arboreto
   source/arcs/arcs
   source/ariba/ariba
   source/ascatngs/ascatngs
   source/asgal/asgal
   source/aspera-connect/aspera-connect
   source/assembly-stats/assembly-stats
   source/atac-seq-pipeline/atac-seq-pipeline
   source/ataqv/ataqv
   source/atram/atram
   source/atropos/atropos
   source/augur/augur
   source/augustus/augustus
   source/bactopia/bactopia
   source/bali-phy/bali-phy
   source/bam-readcount/bam-readcount
   source/bamgineer/bamgineer
   source/bamliquidator/bamliquidator
   source/bamscale/bamscale
   source/bamsurgeon/bamsurgeon
   source/bamtools/bamtools
   source/bamutil/bamutil
   source/bandage/bandage
   source/bandage-ng/bandage-ng
   source/barrnap/barrnap
   source/basenji/basenji
   source/bases2fastq/bases2fastq
   source/bayescan/bayescan
   source/bazam/bazam
   source/bbmap/bbmap
   source/bbtools/bbtools
   source/bcfanno/bcfanno
   source/bcftools/bcftools
   source/bcl2fastq/bcl2fastq
   source/beagle/beagle
   source/beast2/beast2
   source/bedops/bedops
   source/bedtools/bedtools
   source/bioawk/bioawk
   source/biobambam/biobambam
   source/bioconvert/bioconvert
   source/biopython/biopython
   source/bismark/bismark
   source/blasr/blasr
   source/blast/blast
   source/blobtools/blobtools
   source/bmge/bmge
   source/bowtie/bowtie
   source/bowtie2/bowtie2
   source/bracken/bracken
   source/braker2/braker2
   source/braker3/braker3
   source/brass/brass
   source/breseq/breseq
   source/busco/busco
   source/bustools/bustools
   source/bwa/bwa
   source/bwameth/bwameth
   source/bwtool/bwtool
   source/cactus/cactus
   source/cafe/cafe
   source/canu/canu
   source/ccs/ccs
   source/cd-hit/cd-hit
   source/cdbtools/cdbtools
   source/cegma/cegma
   source/cellbender/cellbender
   source/cellphonedb/cellphonedb
   source/cellprofiler/cellprofiler
   source/cellranger/cellranger
   source/cellranger-arc/cellranger-arc
   source/cellranger-atac/cellranger-atac
   source/cellranger-dna/cellranger-dna
   source/cellrank/cellrank
   source/cellrank-krylov/cellrank-krylov
   source/cellsnp-lite/cellsnp-lite
   source/celltypist/celltypist
   source/cellxgene/cellxgene
   source/centrifuge/centrifuge
   source/cfsan-snp-pipeline/cfsan-snp-pipeline
   source/checkm-genome/checkm-genome
   source/chewbbaca/chewbbaca
   source/chopper/chopper
   source/chromap/chromap
   source/cicero/cicero
   source/circexplorer2/circexplorer2
   source/circlator/circlator
   source/circompara2/circompara2
   source/circos/circos
   source/ciri2/ciri2
   source/ciriquant/ciriquant
   source/cistrome_beta/cistrome_beta
   source/clair3/clair3
   source/clairvoyante/clairvoyante
   source/clearcnv/clearcnv
   source/clever-toolkit/clever-toolkit
   source/clonalframeml/clonalframeml
   source/clust/clust
   source/clustalw/clustalw
   source/cnvkit/cnvkit
   source/cnvnator/cnvnator
   source/coinfinder/coinfinder
   source/compleasm/compleasm
   source/concoct/concoct
   source/control-freec/control-freec
   source/cooler/cooler
   source/coverm/coverm
   source/covgen/covgen
   source/cramino/cramino
   source/crisprcasfinder/crisprcasfinder
   source/crispresso2/crispresso2
   source/crispritz/crispritz
   source/cross_match/cross_match
   source/crossmap/crossmap
   source/csvkit/csvkit
   source/csvtk/csvtk
   source/cufflinks/cufflinks
   source/cutadapt/cutadapt
   source/cuttlefish/cuttlefish
   source/cyvcf2/cyvcf2
   source/das_tool/das_tool
   source/datamash/datamash
   source/dbg2olc/dbg2olc
   source/debreak/debreak
   source/deconseq/deconseq
   source/deepbgc/deepbgc
   source/deepconsensus/deepconsensus
   source/deepsignal2/deepsignal2
   source/deeptools/deeptools
   source/deepvariant/deepvariant
   source/delly/delly
   source/dendropy/dendropy
   source/diamond/diamond
   source/diann/diann
   source/diffcorank/diffcorank
   source/disambiguate/disambiguate
   source/dnaapler/dnaapler
   source/dnaio/dnaio
   source/dragonflye/dragonflye
   source/drep/drep
   source/drop-seq/drop-seq
   source/dropest/dropest
   source/dsuite/dsuite
   source/easymap/easymap
   source/easysfs/easysfs
   source/edta/edta
   source/eggnog-mapper/eggnog-mapper
   source/emboss/emboss
   source/ensembl-vep/ensembl-vep
   source/entap/entap
   source/epic2/epic2
   source/evidencemodeler/evidencemodeler
   source/exonerate/exonerate
   source/expansionhunter/expansionhunter
   source/fasta3/fasta3
   source/fastani/fastani
   source/fastp/fastp
   source/fastq-dl/fastq-dl
   source/fastq-scan/fastq-scan
   source/fastq_pair/fastq_pair
   source/fastqc/fastqc
   source/fastspar/fastspar
   source/faststructure/faststructure
   source/fasttree/fasttree
   source/fastx_toolkit/fastx_toolkit
   source/feems/feems
   source/filtlong/filtlong
   source/flair/flair
   source/fluent-pipseeker/fluent-pipseeker
   source/flye/flye
   source/fq/fq
   source/fraggenescan/fraggenescan
   source/fraggenescanrs/fraggenescanrs
   source/fragpipe/fragpipe
   source/freebayes/freebayes
   source/freyja/freyja
   source/fseq/fseq
   source/ftp/ftp
   source/funannotate/funannotate
   source/fusioncatcher/fusioncatcher
   source/fwdpy11/fwdpy11
   source/gadma/gadma
   source/gambit/gambit
   source/gamma/gamma
   source/gangstr/gangstr
   source/gapfiller/gapfiller
   source/gapit/gapit
   source/gatk/gatk
   source/gatk4/gatk4
   source/gemma/gemma
   source/gemoma/gemoma
   source/genemark/genemark
   source/genemarks-2/genemarks-2
   source/genmap/genmap
   source/genomedata/genomedata
   source/genomepy/genomepy
   source/genomescope2/genomescope2
   source/genomicconsensus/genomicconsensus
   source/genrich/genrich
   source/getorganelle/getorganelle
   source/gfaffix/gfaffix
   source/gfastats/gfastats
   source/gfatools/gfatools
   source/gffcompare/gffcompare
   source/gffread/gffread
   source/gffutils/gffutils
   source/gfold/gfold
   source/gimmemotifs/gimmemotifs
   source/glimmer/glimmer
   source/glimmerhmm/glimmerhmm
   source/glnexus/glnexus
   source/gmap/gmap
   source/goatools/goatools
   source/gone/gone
   source/graphlan/graphlan
   source/graphmap/graphmap
   source/gridss/gridss
   source/gseapy/gseapy
   source/gtdbtk/gtdbtk
   source/gtftools/gtftools
   source/gubbins/gubbins
   source/guidance2/guidance2
   source/guppy/guppy
   source/hail/hail
   source/hap.py/hap.py
   source/helen/helen
   source/hic-pro/hic-pro
   source/hicexplorer/hicexplorer
   source/hifiasm/hifiasm
   source/hisat2/hisat2
   source/hmmer/hmmer
   source/homer/homer
   source/homer2/homer2
   source/homopolish/homopolish
   source/how_are_we_stranded_here/how_are_we_stranded_here
   source/htseq/htseq
   source/htslib/htslib
   source/htstream/htstream
   source/hubdesign/hubdesign
   source/humann/humann
   source/hyphy/hyphy
   source/hypo/hypo
   source/idba/idba
   source/igv/igv
   source/impute2/impute2
   source/infernal/infernal
   source/instrain/instrain
   source/intarna/intarna
   source/interproscan/interproscan
   source/ipyrad/ipyrad
   source/iqtree/iqtree
   source/iqtree2/iqtree2
   source/irods/irods
   source/ismapper/ismapper
   source/isoquant/isoquant
   source/isoseq3/isoseq3
   source/ivar/ivar
   source/jcvi/jcvi
   source/juicer/juicer
   source/jvarkit/jvarkit
   source/kaiju/kaiju
   source/kakscalculator2/kakscalculator2
   source/kallisto/kallisto
   source/kentutils/kentutils
   source/khmer/khmer
   source/kissde/kissde
   source/kissplice/kissplice
   source/kissplice2refgenome/kissplice2refgenome
   source/kma/kma
   source/kmc/kmc
   source/kmer-jellyfish/kmer-jellyfish
   source/kmergenie/kmergenie
   source/kneaddata/kneaddata
   source/kover/kover
   source/kraken2/kraken2
   source/krakentools/krakentools
   source/lambda/lambda
   source/last/last
   source/lastz/lastz
   source/ldhat/ldhat
   source/ldjump/ldjump
   source/ldsc/ldsc
   source/liftoff/liftoff
   source/liftofftools/liftofftools
   source/lima/lima
   source/links/links
   source/lofreq/lofreq
   source/longphase/longphase
   source/longqc/longqc
   source/lr_gapcloser/lr_gapcloser
   source/lra/lra
   source/ltr_finder/ltr_finder
   source/ltrpred/ltrpred
   source/lumpy-sv/lumpy-sv
   source/lyveset/lyveset
   source/macrel/macrel
   source/macs2/macs2
   source/macs3/macs3
   source/mafft/mafft
   source/mageck/mageck
   source/mageck-vispr/mageck-vispr
   source/magicblast/magicblast
   source/maker/maker
   source/manchester-gffutils/manchester-gffutils
   source/manta/manta
   source/mapcaller/mapcaller
   source/mapdamage2/mapdamage2
   source/marginpolish/marginpolish
   source/mash/mash
   source/mashmap/mashmap
   source/mashtree/mashtree
   source/masurca/masurca
   source/mauve/mauve
   source/maxbin2/maxbin2
   source/maxquant/maxquant
   source/mcl/mcl
   source/mcscanx/mcscanx
   source/medaka/medaka
   source/megadepth/megadepth
   source/megahit/megahit
   source/megan/megan
   source/meme/meme
   source/memes/memes
   source/meraculous/meraculous
   source/merqury/merqury
   source/meryl/meryl
   source/metabat/metabat
   source/metachip/metachip
   source/metaeuk/metaeuk
   source/metaphlan/metaphlan
   source/metaseq/metaseq
   source/methyldackel/methyldackel
   source/metilene/metilene
   source/mhm2/mhm2
   source/microbedmm/microbedmm
   source/mikado/mikado
   source/minialign/minialign
   source/miniasm/miniasm
   source/minimap2/minimap2
   source/minipolish/minipolish
   source/miniprot/miniprot
   source/mirdeep2/mirdeep2
   source/mirtop/mirtop
   source/mitofinder/mitofinder
   source/mlst/mlst
   source/mmseqs2/mmseqs2
   source/mob_suite/mob_suite
   source/modbam2bed/modbam2bed
   source/modeltest-ng/modeltest-ng
   source/momi/momi
   source/mosdepth/mosdepth
   source/mothur/mothur
   source/motus/motus
   source/mrbayes/mrbayes
   source/multiqc/multiqc
   source/mummer4/mummer4
   source/muscle/muscle
   source/mutmap/mutmap
   source/mykrobe/mykrobe
   source/n50/n50
   source/nanofilt/nanofilt
   source/nanolyse/nanolyse
   source/nanoplot/nanoplot
   source/nanopolish/nanopolish
   source/nanosim/nanosim
   source/ncbi-amrfinderplus/ncbi-amrfinderplus
   source/ncbi-datasets/ncbi-datasets
   source/ncbi-fcs-adaptor/ncbi-fcs-adaptor
   source/ncbi-fcs-gx/ncbi-fcs-gx
   source/ncbi-genome-download/ncbi-genome-download
   source/ncbi-table2asn/ncbi-table2asn
   source/ne-estimator2x/ne-estimator2x
   source/neusomatic/neusomatic
   source/nextalign/nextalign
   source/nextclade/nextclade
   source/nextdenovo/nextdenovo
   source/nextflow/nextflow
   source/nextpolish/nextpolish
   source/ngs-bits/ngs-bits
   source/ngsld/ngsld
   source/ngsutils/ngsutils
   source/odgi/odgi
   source/omark/omark
   source/orthofinder/orthofinder
   source/paml/paml
   source/panacota/panacota
   source/panaroo/panaroo
   source/pandaseq/pandaseq
   source/pandora/pandora
   source/pangolin/pangolin
   source/pangraph/pangraph
   source/panphlan/panphlan
   source/parabricks/parabricks
   source/parallel-fastq-dump/parallel-fastq-dump
   source/parliament2/parliament2
   source/parsnp/parsnp
   source/pasapipeline/pasapipeline
   source/pasta/pasta
   source/pblat/pblat
   source/pbmm2/pbmm2
   source/pbptyper/pbptyper
   source/pcangsd/pcangsd
   source/peakranger/peakranger
   source/pear/pear
   source/pepper_deepvariant/pepper_deepvariant
   source/perl-bioperl/perl-bioperl
   source/pggb/pggb
   source/phast/phast
   source/phd2fasta/phd2fasta
   source/phg/phg
   source/phipack/phipack
   source/phrap/phrap
   source/phred/phred
   source/phylofisher/phylofisher
   source/phylosuite/phylosuite
   source/picard/picard
   source/picrust2/picrust2
   source/pilon/pilon
   source/pindel/pindel
   source/pirate/pirate
   source/piscem/piscem
   source/pixy/pixy
   source/plasmidfinder/plasmidfinder
   source/platon/platon
   source/platypus/platypus
   source/plink/plink
   source/plink2/plink2
   source/plotsr/plotsr
   source/pomoxis/pomoxis
   source/poppunk/poppunk
   source/popscle/popscle
   source/pplacer/pplacer
   source/prinseq/prinseq
   source/prodigal/prodigal
   source/prokka/prokka
   source/proteinortho/proteinortho
   source/prothint/prothint
   source/psmc/psmc
   source/pullseq/pullseq
   source/purge_dups/purge_dups
   source/purge_haplotigs/purge_haplotigs
   source/pvactools/pvactools
   source/pyani/pyani
   source/pybedtools/pybedtools
   source/pybigwig/pybigwig
   source/pychopper/pychopper
   source/pycoqc/pycoqc
   source/pyensembl/pyensembl
   source/pyfaidx/pyfaidx
   source/pygenometracks/pygenometracks
   source/pygenomeviz/pygenomeviz
   source/pymol/pymol
   source/pyranges/pyranges
   source/pysam/pysam
   source/pyvcf3/pyvcf3
   source/qiime2/qiime2
   source/qtlseq/qtlseq
   source/qualimap/qualimap
   source/quast/quast
   source/quickmirseq/quickmirseq
   source/r/r
   source/r-bioconductor/r-bioconductor
   source/r-cellchat/r-cellchat
   source/r-ml/r-ml
   source/r-rnaseq/r-rnaseq
   source/r-rstudio/r-rstudio
   source/r-scrnaseq/r-scrnaseq
   source/racon/racon
   source/ragout/ragout
   source/ragtag/ragtag
   source/rapmap/rapmap
   source/rapsearch/rapsearch
   source/rasusa/rasusa
   source/raven-assembler/raven-assembler
   source/raxml/raxml
   source/raxml-ng/raxml-ng
   source/reapr/reapr
   source/rebaler/rebaler
   source/reciprocal_smallest_distance/reciprocal_smallest_distance
   source/recycler/recycler
   source/reditools3/reditools3
   source/regtools/regtools
   source/repeatmasker/repeatmasker
   source/repeatmodeler/repeatmodeler
   source/repeatscout/repeatscout
   source/resfinder/resfinder
   source/revbayes/revbayes
   source/rgt/rgt
   source/rmats/rmats
   source/rmats2sashimiplot/rmats2sashimiplot
   source/rnaindel/rnaindel
   source/rnapeg/rnapeg
   source/rnaquast/rnaquast
   source/roary/roary
   source/rsem/rsem
   source/rseqc/rseqc
   source/run_dbcan/run_dbcan
   source/rush/rush
   source/sage/sage
   source/salmon/salmon
   source/sambamba/sambamba
   source/samblaster/samblaster
   source/samclip/samclip
   source/samplot/samplot
   source/samtools/samtools
   source/scanpy/scanpy
   source/scarches/scarches
   source/scgen/scgen
   source/scirpy/scirpy
   source/scvelo/scvelo
   source/scvi-tools/scvi-tools
   source/seacr/seacr
   source/segalign/segalign
   source/seidr/seidr
   source/sentieon/sentieon
   source/sepp/sepp
   source/seqcode/seqcode
   source/seqkit/seqkit
   source/seqtk/seqtk
   source/seqyclean/seqyclean
   source/shapeit4/shapeit4
   source/shapeit5/shapeit5
   source/shasta/shasta
   source/shigeifinder/shigeifinder
   source/shorah/shorah
   source/shortstack/shortstack
   source/shovill/shovill
   source/sicer/sicer
   source/sicer2/sicer2
   source/signalp4/signalp4
   source/signalp6/signalp6
   source/simug/simug
   source/singlem/singlem
   source/ska/ska
   source/skani/skani
   source/skewer/skewer
   source/slamdunk/slamdunk
   source/smoove/smoove
   source/snakemake/snakemake
   source/snap/snap
   source/snap-aligner/snap-aligner
   source/snaptools/snaptools
   source/snippy/snippy
   source/snp-dists/snp-dists
   source/snp-sites/snp-sites
   source/snpeff/snpeff
   source/snpgenie/snpgenie
   source/snphylo/snphylo
   source/snpsift/snpsift
   source/soapdenovo2/soapdenovo2
   source/sortmerna/sortmerna
   source/souporcell/souporcell
   source/sourmash/sourmash
   source/spaceranger/spaceranger
   source/spades/spades
   source/sprod/sprod
   source/squeezemeta/squeezemeta
   source/squid/squid
   source/sra-tools/sra-tools
   source/srst2/srst2
   source/stacks/stacks
   source/star/star
   source/staramr/staramr
   source/starfusion/starfusion
   source/stream/stream
   source/stringdecomposer/stringdecomposer
   source/stringtie/stringtie
   source/strique/strique
   source/structure/structure
   source/subread/subread
   source/survivor/survivor
   source/svaba/svaba
   source/svist4get/svist4get
   source/svtools/svtools
   source/svtyper/svtyper
   source/swat/swat
   source/syri/syri
   source/t-coffee/t-coffee
   source/talon/talon
   source/targetp/targetp
   source/tassel/tassel
   source/taxonkit/taxonkit
   source/tetranscripts/tetranscripts
   source/tiara/tiara
   source/tigmint/tigmint
   source/tobias/tobias
   source/tombo/tombo
   source/tophat/tophat
   source/tpmcalculator/tpmcalculator
   source/transabyss/transabyss
   source/transdecoder/transdecoder
   source/transrate/transrate
   source/transvar/transvar
   source/trax/trax
   source/treetime/treetime
   source/trim-galore/trim-galore
   source/trimal/trimal
   source/trimmomatic/trimmomatic
   source/trinity/trinity
   source/trinotate/trinotate
   source/trnascan-se/trnascan-se
   source/trtools/trtools
   source/trust4/trust4
   source/trycycler/trycycler
   source/ucsc_genome_toolkit/ucsc_genome_toolkit
   source/umi_tools/umi_tools
   source/unicycler/unicycler
   source/usefulaf/usefulaf
   source/vadr/vadr
   source/vardict-java/vardict-java
   source/varlociraptor/varlociraptor
   source/varscan/varscan
   source/vartrix/vartrix
   source/vatools/vatools
   source/vcf-kit/vcf-kit
   source/vcf2maf/vcf2maf
   source/vcf2phylip/vcf2phylip
   source/vcf2tsvpy/vcf2tsvpy
   source/vcfstats/vcfstats
   source/vcftools/vcftools
   source/velocyto.py/velocyto.py
   source/velvet/velvet
   source/veryfasttree/veryfasttree
   source/vg/vg
   source/viennarna/viennarna
   source/vsearch/vsearch
   source/weblogo/weblogo
   source/whatshap/whatshap
   source/wiggletools/wiggletools
   source/winnowmap/winnowmap
   source/wtdbg/wtdbg
